detector,accuracy,precision,recall,f1,specificity,f1_std,sybil_rate,seed,fit_time_s
IQR Speed Threshold,0.0571,0.0571,1.0,0.1081,0.0,0.0,5,42,0.13
RSU Position Verification,0.9429,0.0,0.0,0.0,1.0,0.0,5,42,40.28
TASER Bayesian Trust,1.0,1.0,1.0,1.0,1.0,0.0,5,42,1.41
Random Forest,0.9717,0.7235,0.622,0.665,0.9934,0.3301,5,42,5.5
LSTM,0.9444,0.0,0.0,0.0,1.0,0.0,5,42,59.23
Dynamic k-Means,0.9987,0.9779,1.0,0.9888,0.9986,0.0,5,42,4.44
IQR Speed Threshold,0.0582,0.0582,1.0,0.11,0.0,0.0,10,42,0.17
RSU Position Verification,0.9418,0.0,0.0,0.0,1.0,0.0,10,42,33.93
TASER Bayesian Trust,1.0,1.0,1.0,1.0,1.0,0.0,10,42,1.62
Random Forest,0.9715,0.8662,0.594,0.6938,0.9953,0.1793,10,42,6.86
LSTM,0.9444,0.0,0.0,0.0,1.0,0.0,10,42,52.06
Dynamic k-Means,0.9987,0.9783,1.0,0.989,0.9986,0.0,10,42,0.13
IQR Speed Threshold,0.1154,0.1154,1.0,0.207,0.0,0.0,15,42,0.17
RSU Position Verification,0.8846,0.0,0.0,0.0,1.0,0.0,15,42,22.49
TASER Bayesian Trust,1.0,1.0,1.0,1.0,1.0,0.0,15,42,1.08
Random Forest,0.974,0.8938,0.8901,0.8898,0.9854,0.072,15,42,7.04
LSTM,0.8947,0.0,0.0,0.0,1.0,0.0,15,42,35.28
Dynamic k-Means,0.9988,0.9895,1.0,0.9947,0.9986,0.0,15,42,0.11
IQR Speed Threshold,0.21,0.21,1.0,0.3471,0.0,0.0,20,42,0.07
RSU Position Verification,0.7724,0.3633,0.1113,0.1705,0.9481,0.0,20,42,20.88
TASER Bayesian Trust,1.0,1.0,1.0,1.0,1.0,0.0,20,42,0.8
Random Forest,0.9797,0.9375,0.9736,0.9544,0.9811,0.0219,20,42,4.63
LSTM,0.8095,0.0,0.0,0.0,1.0,0.0,20,42,46.4
Dynamic k-Means,0.9989,0.9948,1.0,0.9974,0.9986,0.0,20,42,0.52
IQR Speed Threshold,0.2514,0.2514,1.0,0.4018,0.0,0.0,25,42,0.19
RSU Position Verification,0.7318,0.0,0.0,0.0,0.9775,0.0,25,42,21.78
TASER Bayesian Trust,1.0,1.0,1.0,1.0,1.0,0.0,25,42,1.67
Random Forest,0.9723,0.9258,0.9751,0.9486,0.9711,0.0272,25,42,6.97
LSTM,0.8182,0.5714,0.8,0.6667,0.8235,0.0,25,42,53.07
Dynamic k-Means,0.9957,0.9831,1.0,0.9915,0.9942,0.0,25,42,0.24
IQR Speed Threshold,0.2813,0.2813,1.0,0.4391,0.0,0.0,30,42,0.22
RSU Position Verification,0.7187,0.0,0.0,0.0,1.0,0.0,30,42,26.14
TASER Bayesian Trust,1.0,1.0,1.0,1.0,1.0,0.0,30,42,1.49
Random Forest,0.9853,0.9684,0.9814,0.9748,0.9867,0.0098,30,42,5.52
LSTM,1.0,1.0,1.0,1.0,1.0,0.0,30,42,45.11
Dynamic k-Means,0.9976,0.9916,1.0,0.9958,0.9967,0.0,30,42,0.18
IQR Speed Threshold,0.3473,0.3473,1.0,0.5156,0.0,0.0,35,42,0.11
RSU Position Verification,0.6527,0.0,0.0,0.0,1.0,0.0,35,42,28.19
TASER Bayesian Trust,1.0,1.0,1.0,1.0,1.0,0.0,35,42,1.73
Random Forest,0.9714,0.9384,0.981,0.9589,0.9668,0.0248,35,42,5.89
LSTM,1.0,1.0,1.0,1.0,1.0,0.0,35,42,55.24
Dynamic k-Means,0.9991,0.9974,1.0,0.9987,0.9986,0.0,35,42,0.24
IQR Speed Threshold,1.0,1.0,1.0,1.0,1.0,0.0,40,42,0.23
RSU Position Verification,0.6022,0.0,0.0,0.0,1.0,0.0,40,42,33.26
TASER Bayesian Trust,0.9915,1.0,0.9786,0.9892,1.0,0.0,40,42,1.45
Random Forest,0.9733,0.9504,0.9848,0.967,0.9661,0.0164,40,42,7.88
LSTM,0.9259,0.8333,1.0,0.9091,0.8824,0.0,40,42,29.19
Dynamic k-Means,0.9053,0.8078,1.0,0.8937,0.8428,0.0,40,42,0.05
IQR Speed Threshold,0.057,0.057,1.0,0.1079,0.0,0.0,5,123,0.04
RSU Position Verification,0.9065,0.0,0.0,0.0,0.9613,0.0,5,123,7.42
TASER Bayesian Trust,1.0,1.0,1.0,1.0,1.0,0.0,5,123,0.44
Random Forest,0.9735,0.8975,0.6023,0.7162,0.996,0.0924,5,123,3.54
LSTM,0.9444,0.0,0.0,0.0,1.0,0.0,5,123,54.1
Dynamic k-Means,0.9969,0.9485,1.0,0.9736,0.9967,0.0,5,123,0.47
IQR Speed Threshold,0.0573,0.0573,1.0,0.1084,0.0,0.0,10,123,0.26
RSU Position Verification,0.9427,0.0,0.0,0.0,1.0,0.0,10,123,29.58
TASER Bayesian Trust,1.0,1.0,1.0,1.0,1.0,0.0,10,123,1.09
Random Forest,0.9718,0.8574,0.6116,0.7028,0.9944,0.1575,10,123,9.88
LSTM,0.6667,0.1429,1.0,0.25,0.6471,0.0,10,123,37.6
Dynamic k-Means,0.9987,0.978,1.0,0.9889,0.9986,0.0,10,123,0.09
IQR Speed Threshold,0.1079,0.1079,1.0,0.1947,0.0,0.0,15,123,0.07
RSU Position Verification,0.8705,0.0,0.0,0.0,0.9758,0.0,15,123,24.07
TASER Bayesian Trust,1.0,1.0,1.0,1.0,1.0,0.0,15,123,0.69
Random Forest,0.9824,0.9501,0.8878,0.9158,0.9942,0.0314,15,123,4.36
LSTM,0.6842,0.1667,0.5,0.25,0.7059,0.0,15,123,40.3
Dynamic k-Means,0.9829,0.8631,1.0,0.9265,0.9808,0.0,15,123,0.09
IQR Speed Threshold,0.2073,0.2073,1.0,0.3433,0.0,0.0,20,123,0.05
RSU Position Verification,0.7927,0.0,0.0,0.0,1.0,0.0,20,123,36.4
TASER Bayesian Trust,1.0,1.0,1.0,1.0,1.0,0.0,20,123,0.68
Random Forest,0.9863,0.9579,0.9773,0.967,0.9889,0.0207,20,123,4.39
LSTM,0.9524,1.0,0.75,0.8571,1.0,0.0,20,123,37.94
Dynamic k-Means,0.9989,0.9948,1.0,0.9974,0.9986,0.0,20,123,0.1
IQR Speed Threshold,0.2528,0.2528,1.0,0.4036,0.0,0.0,25,123,0.06
RSU Position Verification,0.7472,0.0,0.0,0.0,1.0,0.0,25,123,15.96
TASER Bayesian Trust,1.0,1.0,1.0,1.0,1.0,0.0,25,123,1.09
Random Forest,0.9716,0.9226,0.9703,0.9453,0.9722,0.0272,25,123,4.33
LSTM,0.8182,0.6,0.6,0.6,0.8824,0.0,25,123,46.58
Dynamic k-Means,0.981,0.9302,1.0,0.9639,0.9746,0.0,25,123,0.4
IQR Speed Threshold,0.2803,0.2803,1.0,0.4379,0.0,0.0,30,123,0.41
RSU Position Verification,0.7197,0.0,0.0,0.0,1.0,0.0,30,123,24.27
TASER Bayesian Trust,1.0,1.0,1.0,1.0,1.0,0.0,30,123,1.51
Random Forest,0.9856,0.9669,0.9819,0.9742,0.9871,0.0129,30,123,5.48
LSTM,0.8261,1.0,0.3333,0.5,1.0,0.0,30,123,68.71
Dynamic k-Means,0.9864,0.9538,1.0,0.9764,0.9811,0.0,30,123,0.79
IQR Speed Threshold,0.3391,0.3391,1.0,0.5065,0.0,0.0,35,123,0.66
RSU Position Verification,0.6454,0.0,0.0,0.0,0.9766,0.0,35,123,61.39
TASER Bayesian Trust,1.0,1.0,1.0,1.0,1.0,0.0,35,123,0.88
Random Forest,0.971,0.9331,0.9863,0.9586,0.9631,0.0171,35,123,7.39
LSTM,0.96,1.0,0.875,0.9333,1.0,0.0,35,123,80.79
Dynamic k-Means,0.9875,0.9645,1.0,0.9819,0.9811,0.0,35,123,0.52
IQR Speed Threshold,1.0,1.0,1.0,1.0,1.0,0.0,40,123,0.23
RSU Position Verification,0.5744,0.0,0.0,0.0,0.9766,0.0,40,123,60.67
TASER Bayesian Trust,1.0,1.0,1.0,1.0,1.0,0.0,40,123,4.06
Random Forest,0.9772,0.956,0.9899,0.9724,0.9689,0.0156,40,123,15.29
LSTM,0.9259,0.9,0.9,0.9,0.9412,0.0,40,123,99.83
Dynamic k-Means,0.9981,0.9953,1.0,0.9976,0.9967,0.0,40,123,0.41
IQR Speed Threshold,0.0561,0.0561,1.0,0.1063,0.0,0.0,5,456,0.2
RSU Position Verification,0.9439,0.0,0.0,0.0,1.0,0.0,5,456,76.18
TASER Bayesian Trust,1.0,1.0,1.0,1.0,1.0,0.0,5,456,2.45
Random Forest,0.9799,0.9031,0.7417,0.8136,0.9948,0.0675,5,456,11.5
LSTM,0.9444,0.0,0.0,0.0,1.0,0.0,5,456,86.13
Dynamic k-Means,0.9987,0.9772,1.0,0.9885,0.9986,0.0,5,456,0.42
IQR Speed Threshold,0.0599,0.0599,1.0,0.1131,0.0,0.0,10,456,0.43
RSU Position Verification,0.9401,0.0,0.0,0.0,1.0,0.0,10,456,64.95
TASER Bayesian Trust,1.0,1.0,1.0,1.0,1.0,0.0,10,456,1.9
Random Forest,0.9746,0.8912,0.6824,0.7597,0.9941,0.11,10,456,9.86
LSTM,0.9444,0.0,0.0,0.0,1.0,0.0,10,456,80.34
Dynamic k-Means,0.9987,0.9787,1.0,0.9892,0.9986,0.0,10,456,0.29
IQR Speed Threshold,0.1127,0.1127,1.0,0.2026,0.0,0.0,15,456,0.3
RSU Position Verification,0.8873,0.0,0.0,0.0,1.0,0.0,15,456,61.89
TASER Bayesian Trust,1.0,1.0,1.0,1.0,1.0,0.0,15,456,2.26
Random Forest,0.969,0.881,0.8451,0.8578,0.9855,0.0537,15,456,13.93
LSTM,0.8947,0.0,0.0,0.0,1.0,0.0,15,456,92.19
Dynamic k-Means,0.9633,0.7543,1.0,0.86,0.9586,0.0,15,456,0.51
IQR Speed Threshold,0.2143,0.2143,1.0,0.353,0.0,0.0,20,456,0.28
RSU Position Verification,0.7857,0.0,0.0,0.0,1.0,0.0,20,456,64.32
TASER Bayesian Trust,1.0,1.0,1.0,1.0,1.0,0.0,20,456,2.18
Random Forest,0.9713,0.9137,0.9659,0.9383,0.9725,0.0254,20,456,7.05
LSTM,0.7619,0.0,0.0,0.0,0.9412,0.0,20,456,31.73
Dynamic k-Means,0.9915,0.962,1.0,0.9806,0.9892,0.0,20,456,0.11
IQR Speed Threshold,0.2554,0.2554,1.0,0.4069,0.0,0.0,25,456,0.06
RSU Position Verification,0.7446,0.0,0.0,0.0,1.0,0.0,25,456,10.19
TASER Bayesian Trust,1.0,1.0,1.0,1.0,1.0,0.0,25,456,0.57
Random Forest,0.9663,0.9066,0.9697,0.937,0.9649,0.0113,25,456,2.75
LSTM,0.6818,0.3333,0.4,0.3636,0.7647,0.0,25,456,15.58
Dynamic k-Means,0.9916,0.9681,1.0,0.9838,0.9887,0.0,25,456,0.08
IQR Speed Threshold,0.2894,0.2894,1.0,0.4489,0.0,0.0,30,456,0.06
RSU Position Verification,0.7106,0.0,0.0,0.0,1.0,0.0,30,456,9.81
TASER Bayesian Trust,1.0,1.0,1.0,1.0,1.0,0.0,30,456,0.59
Random Forest,0.9707,0.9302,0.9762,0.9524,0.9679,0.0103,30,456,2.85
LSTM,0.9565,0.8571,1.0,0.9231,0.9412,0.0,30,456,17.41
Dynamic k-Means,0.9912,0.9703,1.0,0.9849,0.9875,0.0,30,456,0.08
IQR Speed Threshold,0.3497,0.3497,1.0,0.5182,0.0,0.0,35,456,0.06
RSU Position Verification,0.6503,0.0,0.0,0.0,1.0,0.0,35,456,10.71
TASER Bayesian Trust,1.0,1.0,1.0,1.0,1.0,0.0,35,456,0.72
Random Forest,0.9677,0.9375,0.9762,0.9557,0.9633,0.0223,35,456,3.04
LSTM,0.8,0.7143,0.625,0.6667,0.8824,0.0,35,456,19.21
Dynamic k-Means,0.9983,0.9951,1.0,0.9975,0.9974,0.0,35,456,0.09
IQR Speed Threshold,1.0,1.0,1.0,1.0,1.0,0.0,40,456,0.04
RSU Position Verification,0.5947,0.0,0.0,0.0,1.0,0.0,40,456,10.04
TASER Bayesian Trust,1.0,1.0,1.0,1.0,1.0,0.0,40,456,0.7
Random Forest,0.9725,0.9539,0.9819,0.9668,0.9666,0.027,40,456,3.2
LSTM,0.6667,0.6667,0.2,0.3077,0.9412,0.0,40,456,14.52
Dynamic k-Means,0.9993,0.9984,1.0,0.9992,0.9989,0.0,40,456,0.09
IQR Speed Threshold,0.0632,0.0632,1.0,0.1189,0.0,0.0,5,789,0.05
RSU Position Verification,0.9368,0.0,0.0,0.0,1.0,0.0,5,789,8.86
TASER Bayesian Trust,1.0,1.0,1.0,1.0,1.0,0.0,5,789,0.44
Random Forest,0.9798,0.9363,0.7231,0.811,0.9969,0.086,5,789,2.2
LSTM,0.8333,0.0,0.0,0.0,0.8824,0.0,5,789,11.62
Dynamic k-Means,0.9987,0.9797,1.0,0.9897,0.9986,0.0,5,789,0.06
IQR Speed Threshold,0.056,0.056,1.0,0.1061,0.0,0.0,10,789,0.04
RSU Position Verification,0.9254,0.0,0.0,0.0,0.9804,0.0,10,789,8.55
TASER Bayesian Trust,1.0,1.0,1.0,1.0,1.0,0.0,10,789,0.45
Random Forest,0.9792,0.8592,0.7488,0.7964,0.9928,0.0806,10,789,2.12
LSTM,0.9444,0.0,0.0,0.0,1.0,0.0,10,789,16.22
Dynamic k-Means,0.9968,0.9467,1.0,0.9726,0.9967,0.0,10,789,0.07
IQR Speed Threshold,0.1084,0.1084,1.0,0.1956,0.0,0.0,15,789,0.04
RSU Position Verification,0.8916,0.0,0.0,0.0,1.0,0.0,15,789,9.47
TASER Bayesian Trust,1.0,1.0,1.0,1.0,1.0,0.0,15,789,0.5
Random Forest,0.961,0.8244,0.8203,0.818,0.9789,0.0998,15,789,2.08
LSTM,0.8947,0.0,0.0,0.0,1.0,0.0,15,789,13.63
Dynamic k-Means,0.9988,0.9887,1.0,0.9943,0.9986,0.0,15,789,0.21
IQR Speed Threshold,0.2061,0.2061,1.0,0.3418,0.0,0.0,20,789,0.04
RSU Position Verification,0.7939,0.0,0.0,0.0,1.0,0.0,20,789,8.71
TASER Bayesian Trust,1.0,1.0,1.0,1.0,1.0,0.0,20,789,0.54
Random Forest,0.9811,0.9418,0.9684,0.9547,0.9844,0.015,20,789,2.87
LSTM,0.8095,0.5,0.5,0.5,0.8824,0.0,20,789,12.24
Dynamic k-Means,0.9989,0.9946,1.0,0.9973,0.9986,0.0,20,789,0.06
IQR Speed Threshold,0.245,0.245,1.0,0.3935,0.0,0.0,25,789,0.05
RSU Position Verification,0.755,0.0,0.0,0.0,1.0,0.0,25,789,8.89
TASER Bayesian Trust,1.0,1.0,1.0,1.0,1.0,0.0,25,789,0.59
Random Forest,0.9784,0.9459,0.9684,0.9566,0.9819,0.0169,25,789,2.23
LSTM,0.6818,0.3333,0.4,0.3636,0.7647,0.0,25,789,11.18
Dynamic k-Means,0.9989,0.9957,1.0,0.9978,0.9986,0.0,25,789,0.06
IQR Speed Threshold,0.2872,0.2872,1.0,0.4463,0.0,0.0,30,789,0.05
RSU Position Verification,0.7128,0.0,0.0,0.0,1.0,0.0,30,789,9.23
TASER Bayesian Trust,1.0,1.0,1.0,1.0,1.0,0.0,30,789,0.56
Random Forest,0.9806,0.9535,0.9806,0.9665,0.9809,0.0176,30,789,2.36
LSTM,1.0,1.0,1.0,1.0,1.0,0.0,30,789,14.44
Dynamic k-Means,0.9976,0.9917,1.0,0.9958,0.9966,0.0,30,789,0.07
IQR Speed Threshold,1.0,1.0,1.0,1.0,1.0,0.0,35,789,0.04
RSU Position Verification,0.6239,0.0,0.0,0.0,1.0,0.0,35,789,12.12
TASER Bayesian Trust,1.0,1.0,1.0,1.0,1.0,0.0,35,789,0.62
Random Forest,0.9655,0.9328,0.9798,0.9556,0.956,0.0105,35,789,2.61
LSTM,0.96,0.8889,1.0,0.9412,0.9412,0.0,35,789,17.16
Dynamic k-Means,0.9917,0.9784,1.0,0.9891,0.9867,0.0,35,789,0.08
IQR Speed Threshold,1.0,1.0,1.0,1.0,1.0,0.0,40,789,0.04
RSU Position Verification,0.5791,0.0,0.0,0.0,1.0,0.0,40,789,8.48
TASER Bayesian Trust,1.0,1.0,1.0,1.0,1.0,0.0,40,789,0.66
Random Forest,0.9793,0.9629,0.9894,0.9759,0.9716,0.0106,40,789,2.71
LSTM,1.0,1.0,1.0,1.0,1.0,0.0,40,789,15.94
Dynamic k-Means,0.998,0.9954,1.0,0.9977,0.9966,0.0,40,789,0.1
IQR Speed Threshold,0.0548,0.0548,1.0,0.1038,0.0,0.0,5,1000,0.05
RSU Position Verification,0.8856,0.0,0.0,0.0,0.9369,0.0,5,1000,10.12
TASER Bayesian Trust,1.0,1.0,1.0,1.0,1.0,0.0,5,1000,0.47
Random Forest,0.9702,0.811,0.6273,0.7003,0.9917,0.1164,5,1000,2.99
LSTM,0.9444,0.0,0.0,0.0,1.0,0.0,5,1000,13.42
Dynamic k-Means,0.9865,0.9721,0.7756,0.8628,0.9987,0.0,5,1000,0.09
IQR Speed Threshold,0.0552,0.0552,1.0,0.1046,0.0,0.0,10,1000,0.04
RSU Position Verification,0.9448,0.0,0.0,0.0,1.0,0.0,10,1000,8.64
TASER Bayesian Trust,1.0,1.0,1.0,1.0,1.0,0.0,10,1000,0.48
Random Forest,0.9819,0.9287,0.7288,0.8151,0.9967,0.0805,10,1000,2.21
LSTM,0.8889,0.0,0.0,0.0,0.9412,0.0,10,1000,12.34
Dynamic k-Means,0.9988,0.9784,1.0,0.9891,0.9987,0.0,10,1000,0.06
IQR Speed Threshold,0.1067,0.1067,1.0,0.1928,0.0,0.0,15,1000,0.05
RSU Position Verification,0.8933,0.0,0.0,0.0,1.0,0.0,15,1000,9.07
TASER Bayesian Trust,1.0,1.0,1.0,1.0,1.0,0.0,15,1000,0.86
Random Forest,0.968,0.8654,0.8296,0.8452,0.9851,0.0763,15,1000,2.43
LSTM,0.6842,0.0,0.0,0.0,0.7647,0.0,15,1000,12.8
Dynamic k-Means,0.9988,0.9893,1.0,0.9946,0.9987,0.0,15,1000,0.09
IQR Speed Threshold,0.1988,0.1988,1.0,0.3317,0.0,0.0,20,1000,0.05
RSU Position Verification,0.7596,0.0,0.0,0.0,0.948,0.0,20,1000,9.68
TASER Bayesian Trust,1.0,1.0,1.0,1.0,1.0,0.0,20,1000,0.62
Random Forest,0.9792,0.923,0.979,0.9489,0.9793,0.0356,20,1000,2.28
LSTM,0.9524,1.0,0.75,0.8571,1.0,0.0,20,1000,14.33
Dynamic k-Means,0.9975,0.9876,1.0,0.9938,0.9969,0.0,20,1000,0.06
IQR Speed Threshold,0.2282,0.2282,1.0,0.3716,0.0,0.0,25,1000,0.06
RSU Position Verification,0.7524,0.0,0.0,0.0,0.9749,0.0,25,1000,9.12
TASER Bayesian Trust,1.0,1.0,1.0,1.0,1.0,0.0,25,1000,0.73
Random Forest,0.9778,0.9314,0.975,0.9522,0.9787,0.0245,25,1000,2.48
LSTM,0.7273,0.4286,0.6,0.5,0.7647,0.0,25,1000,25.3
Dynamic k-Means,0.9978,0.9905,1.0,0.9952,0.9972,0.0,25,1000,0.16
IQR Speed Threshold,0.2834,0.2834,1.0,0.4416,0.0,0.0,30,1000,0.1
RSU Position Verification,0.7711,1.0,0.1923,0.3225,1.0,0.0,30,1000,14.01
TASER Bayesian Trust,1.0,1.0,1.0,1.0,1.0,0.0,30,1000,0.65
Random Forest,0.9796,0.9512,0.9841,0.9666,0.9776,0.0253,30,1000,3.48
LSTM,0.913,0.8333,0.8333,0.8333,0.9412,0.0,30,1000,12.66
Dynamic k-Means,0.9978,0.9922,1.0,0.9961,0.9969,0.0,30,1000,0.06
IQR Speed Threshold,0.3332,0.3332,1.0,0.4999,0.0,0.0,35,1000,0.06
RSU Position Verification,0.6261,0.0,0.0,0.0,0.939,0.0,35,1000,9.42
TASER Bayesian Trust,1.0,1.0,1.0,1.0,1.0,0.0,35,1000,0.87
Random Forest,0.9741,0.9419,0.9855,0.9629,0.968,0.0125,35,1000,3.47
LSTM,0.92,0.875,0.875,0.875,0.9412,0.0,35,1000,17.84
Dynamic k-Means,0.9911,0.9741,1.0,0.9869,0.9867,0.0,35,1000,0.11
IQR Speed Threshold,1.0,1.0,1.0,1.0,1.0,0.0,40,1000,0.05
RSU Position Verification,0.6055,0.0,0.0,0.0,1.0,0.0,40,1000,10.71
TASER Bayesian Trust,1.0,1.0,1.0,1.0,1.0,0.0,40,1000,0.76
Random Forest,0.9739,0.9502,0.9869,0.968,0.9651,0.0116,40,1000,3.43
LSTM,0.963,0.9091,1.0,0.9524,0.9412,0.0,40,1000,18.14
Dynamic k-Means,0.9898,0.9748,1.0,0.9873,0.9832,0.0,40,1000,0.06
